{"RestingECG": 0.0, "Age": 0.009239130434782599, "RestingBP": 0.00978260869565217, "MaxHR": 0.01177536231884057, "Oldpeak": 0.012318840579710137, "ExerciseAngina": 0.022826086956521746, "Cholesterol": 0.028985507246376822, "ChestPainType": 0.029166666666666667, "FastingBS": 0.03079710144927538, "Sex": 0.0318840579710145, "ST_Slope": 0.07010869565217394}